name,datetime,job,department
Jason Cox,2021-03-25T17:50:55.677412,Systems Administrator,Marketing
Andre Hobbs,2021-06-19T21:38:48.639203,HR Generalist,Marketing
William Layton,2021-09-24T23:10:32.526230,Recruitment Specialist,Research
Barbara Machida,2021-04-10T11:35:29.259193,IT Support Specialist,Marketing
Abdul Newman,2021-12-26T17:24:10.670599,Customer Service Representative,Legal
Emily Green,2021-11-17T22:11:01.125045,Account Executive,HR
Linda Weiker,2021-07-24T08:25:18.716449,SEO Specialist,Operations
Ronald Vasser,2021-08-20T04:23:20.408117,Lab Technician,Legal
Polly Fassett,2021-05-19T17:03:00.599107,Client Relations Manager,HR
Frances Childers,2021-08-28T10:18:38.551759,IT Project Manager,HR
John Nolin,2021-08-26T13:55:14.611566,Call Center Supervisor,Marketing
Elizabeth Cortes,2021-01-18T00:03:50.584438,Help Desk Associate,Customer Service
David Pitre,2021-06-27T18:12:37.612769,Recruitment Specialist,IT
Kathy Patrick,2021-08-18T15:09:56.878304,HR Analyst,Sales
David Hill,2021-09-20T08:41:06.746818,Social Media Manager,HR
Russell Templin,2021-02-18T10:59:08.209092,Operations Analyst,Finance
Brandy Boswell,2021-09-20T09:23:57.856888,Content Marketing Specialist,Customer Service
Donnie Pace,2021-04-12T15:47:24.825238,Systems Administrator,Marketing
Judith William,2021-03-29T22:50:07.050447,Research Project Manager,Finance
Eunice Campbell,2021-04-04T17:08:49.936087,Research Associate,Legal
Marquita Echols,2021-02-22T08:15:17.788287,Social Media Manager,Operations
David Lauer,2021-09-27T13:55:50.871094,Sales Manager,Operations
Joyce Coffey,2021-11-18T23:54:14.247417,Operations Analyst,Customer Service
Myrtle Banther,2021-10-24T16:51:10.763741,Lab Technician,HR
Rebecca Menden,2021-04-03T11:22:23.958575,HR Analyst,Operations
Roy Helms,2021-04-26T22:51:25.082164,Legal Secretary,Legal
Nadine Hamblin,2021-08-03T07:48:57.997970,Sales Analyst,Customer Service
Scott Tomlinson,2021-07-27T01:25:17.078634,Sales Manager,HR
Toni Evans,2021-09-23T09:34:03.088385,Lab Technician,HR
Chandra Gibson,2021-07-05T12:53:29.171100,Research Project Manager,IT
Julie Chung,2021-03-28T06:13:14.618824,Client Relations Manager,Marketing
Chad Ashmen,2021-05-13T13:04:35.632865,Finance Manager,Marketing
Kerri Williams,2021-07-21T11:24:54.955867,Accountant,Finance
Sarah Lund,2021-11-22T04:32:40.836793,Paralegal,IT
Jason Berti,2021-08-14T06:12:33.020758,Training and Development Manager,Sales
Lori Taylor,2021-08-29T09:14:23.265625,Legal Counsel,Marketing
Galen Cohen,2021-10-19T10:15:12.497191,Accountant,Marketing
Von Stephens,2021-07-24T07:27:43.620235,Financial Analyst,Sales
Corey Frank,2021-07-16T20:03:01.856999,Paralegal,Customer Service
Peggy Cruz,2021-02-20T19:11:20.109072,Account Executive,HR
Cody Slusher,2021-07-12T17:09:54.759351,Recruitment Specialist,Research
Arlene Swartzentrube,2021-01-01T09:40:43.947283,Quality Assurance Manager,Research
Jerry Elsass,2021-10-16T11:49:38.189608,Logistics Coordinator,Legal
Quinton Galvan,2021-05-24T00:45:26.823623,Accountant,HR
Martin Glover,2021-01-19T12:20:51.733306,Legal Secretary,Operations
Keith Bell,2021-04-02T13:13:09.807155,Research Scientist,Sales
Ruth Young,2021-06-25T21:03:46.266837,Network Engineer,Legal
Ginger Heavner,2021-12-23T07:52:30.684560,Paralegal,Finance
Heather Brown,2021-09-05T05:25:46.355667,Auditor,HR
Fredrick Brunelle,2021-05-12T12:57:38.008892,IT Support Specialist,Finance
Wanda Green,2021-03-02T22:34:13.774678,Network Engineer,Sales
Kecia Calhoun,2021-04-03T11:23:35.959708,Operations Manager,IT
Danielle Spring,2021-10-18T20:30:44.832010,Research Project Manager,Sales
Larry Adams,2021-02-21T17:52:14.047737,Sales Analyst,IT
Rhonda Darnstaedt,2021-07-22T15:16:21.698225,Data Analyst,Finance
John Klapp,2021-01-13T08:09:13.194240,Contract Administrator,Operations
Luella Harrel,2021-05-25T14:19:42.534448,Systems Administrator,Sales
Linda Pearson,2021-12-10T01:49:49.555793,Systems Administrator,Operations
Mary Davis,2021-11-24T02:25:01.427006,Help Desk Associate,Legal
Richard Cloutier,2021-05-09T10:17:45.607563,HR Analyst,Research
Chuck Jones,2021-12-18T02:03:18.651847,Customer Service Representative,Sales
Pamala Choi,2021-09-11T03:09:11.558549,Customer Service Representative,Marketing
Marjorie Harvey,2021-01-30T12:06:51.420121,Sales Representative,Marketing
Caitlin Coffey,2021-11-09T13:31:43.795011,Legal Counsel,Sales
Kevin Carr,2021-06-19T13:31:08.010398,Research Scientist,Operations
Jesse Guy,2021-06-14T23:48:07.191633,Account Executive,HR
Joe Allen,2021-12-24T11:17:41.475128,IT Project Manager,Research
Nicole Moseley,2021-01-16T06:31:13.055608,Compliance Officer,IT
Bryan Gatto,2021-12-31T23:58:40.099227,Research Associate,HR
Terry Lothrop,2021-08-08T07:12:34.272563,SEO Specialist,Sales
Anthony Svoboda,2021-10-21T01:54:53.374646,Sales Analyst,IT
Barry Ellis,2021-11-19T20:51:42.930001,Sales Analyst,Operations
Cynthia Legra,2021-01-23T21:46:12.170635,Brand Strategist,Finance
Linda Maldonado,2021-10-02T14:05:08.891804,Marketing Manager,Finance
Helen Borowski,2021-01-07T20:39:54.811457,Sales Analyst,Marketing
Amy Haddad,2021-09-28T11:03:55.283210,Financial Advisor,Marketing
Kimberly Vargas,2021-06-19T01:12:08.849913,Research Associate,HR
Patricia Walker,2021-07-16T01:38:36.745928,Data Analyst,IT
Susan Lindall,2021-09-25T15:46:58.648738,Research Associate,Operations
Judith Hodge,2021-04-24T07:21:35.911731,Sales Analyst,Finance
Scott Martin,2021-05-31T15:32:34.668270,Financial Analyst,Operations
Tera Davis,2021-05-10T02:49:39.728782,Legal Counsel,Finance
Maria Lalk,2021-05-27T03:46:25.768232,Financial Analyst,HR
Andres Williams,2021-07-04T06:14:50.545883,Business Development Manager,Operations
Myrtle Jackson,2021-10-20T18:16:24.638744,HR Analyst,IT
Veronica Martinez,2021-02-18T18:10:25.885078,Operations Manager,Legal
Ruth Pierre,2021-01-05T09:13:40.940730,Network Engineer,Customer Service
Mark Demmer,2021-01-04T23:35:52.329801,Compliance Officer,IT
Elaine Price,2021-08-02T18:33:45.334067,Accountant,Finance
Bradley Price,2021-05-13T02:11:38.576652,Legal Counsel,Legal
Richard Taylor,2021-09-23T15:36:22.157291,Paralegal,Research
Hannah Dense,2021-10-30T04:18:26.080866,Research Scientist,Marketing
Robert Johnson,2021-02-21T17:13:04.389250,SEO Specialist,Finance
Roy Delaney,2021-01-18T07:33:00.219026,Account Executive,Marketing
Zaida Rhodes,2021-11-29T00:06:22.893676,Production Manager,Sales
Lisa Russell,2021-10-18T18:10:52.714385,Customer Service Representative,HR
Ashley Kelley,2021-01-24T23:58:22.601753,Financial Analyst,Marketing
Lamont Glinski,2021-10-17T23:07:15.663130,Client Relations Manager,Research
Christine Mccleary,2021-04-19T11:19:32.356026,Network Engineer,Finance
Carlton Balliew,2021-03-24T07:55:02.491377,Operations Manager,Operations
Mike Tamm,2021-05-14T16:24:46.669553,Call Center Supervisor,HR
Warren Goldberg,2021-03-13T18:58:03.757686,Sales Manager,Research
Deanna Clough,2021-08-28T08:06:01.554758,Recruitment Specialist,IT
Robert Trimble,2021-10-12T05:31:41.454908,HR Generalist,Finance
Cathleen Vanhorne,2021-05-20T03:06:05.375488,Account Executive,IT
Gregory Adams,2021-11-19T08:27:15.119673,Legal Counsel,Research
Dorthy Mclean,2021-10-11T18:01:45.471685,IT Manager,Legal
Adam Johnston,2021-04-04T01:02:17.093531,Contract Administrator,HR
Claudia Plaisance,2021-04-21T23:37:46.644283,Sales Analyst,Sales
Carolina Bean,2021-05-29T11:42:45.289087,Lab Technician,Legal
Ross Hunking,2021-03-28T23:31:06.346777,Finance Manager,Research
Joshua Smith,2021-12-02T15:30:38.626294,Financial Advisor,Sales
Verna Green,2021-09-25T09:54:36.418581,Auditor,Finance
John Bermudez,2021-04-20T12:21:00.377987,Customer Service Manager,Customer Service
Martha Pursell,2021-10-17T23:41:54.420089,Data Analyst,Finance
Alan Schrom,2021-04-26T03:25:04.028146,Systems Administrator,Operations
Joseph Comer,2021-12-11T01:12:14.692912,Systems Administrator,HR
John Black,2021-06-28T18:00:46.003055,Systems Administrator,HR
Mary Pineda,2021-09-08T05:25:14.052362,Production Manager,HR
Georgia Curran,2021-02-19T18:34:52.179845,Financial Advisor,Marketing
Zelda Greene,2021-11-12T19:32:36.103906,Research Associate,Research
Wanda Hunter,2021-10-28T05:09:05.200642,Call Center Supervisor,Operations
Larry Camarillo,2021-01-02T16:51:42.709286,Auditor,Research
Marcus Mccord,2021-12-18T01:19:50.894863,Account Executive,Legal
Rebecca Lowe,2021-02-03T02:13:32.531855,Legal Counsel,Legal
Justin Carr,2021-09-15T20:52:03.045692,Financial Advisor,IT
Shane Melvin,2021-11-08T04:37:53.329584,Content Marketing Specialist,HR
Audrey Black,2021-10-18T05:45:28.967473,Finance Manager,Marketing
Charles Hernandez,2021-01-25T13:08:04.516115,Finance Manager,HR
Mary Hughes,2021-06-23T07:35:35.854395,Financial Analyst,Marketing
Tracy Haslett,2021-12-30T14:03:23.614397,Social Media Manager,IT
Wanda Foster,2021-12-26T21:00:17.285351,Operations Manager,IT
Krystle Elmore,2021-08-09T16:49:59.767819,Help Desk Associate,HR
Deborah Buffington,2021-09-02T10:18:42.738900,Sales Analyst,HR
Leland Mcclimon,2021-06-10T19:33:53.605740,Marketing Manager,HR
Lindsey Burrows,2021-03-04T15:00:19.701866,IT Support Specialist,HR
Patricia Wood,2021-05-01T10:59:07.732872,Help Desk Associate,Marketing
Loren Reader,2021-11-02T10:04:03.343886,Logistics Coordinator,Research
Maude Leet,2021-04-10T08:36:57.374811,HR Analyst,Marketing
Michal Porter,2021-04-09T05:17:04.791131,Finance Manager,Research
Theresa Burton,2021-12-06T20:45:01.109145,Operations Manager,Legal
Ronald Blandford,2021-05-27T02:32:03.583218,Legal Secretary,Finance
Christian Lemons,2021-06-15T07:29:54.504771,Account Executive,Marketing
Patricia Arnold,2021-09-04T13:14:20.704193,Financial Analyst,Finance
Freida Hill,2021-12-31T22:44:48.870322,HR Manager,Legal
Thomas Montemurro,2021-07-26T23:14:32.445567,Paralegal,IT
Tracie Maloney,2021-04-08T10:20:29.110903,Research Scientist,Operations
John Bently,2021-10-11T12:13:35.530002,HR Analyst,Finance
Kimberly Henrich,2021-01-05T14:00:08.335694,Customer Service Manager,Operations
Gertrude Jude,2021-12-05T08:15:09.251214,Quality Assurance Manager,Sales
Kimberly Moody,2021-09-06T22:42:28.059349,IT Project Manager,Sales
Joseph Graves,2021-02-28T20:13:25.467547,Training and Development Manager,IT
Gerald Vanzee,2021-09-26T07:30:43.239286,Research Scientist,Operations
Margaret Peters,2021-08-21T21:54:21.469182,IT Project Manager,Finance
Melissa Christopher,2021-09-15T20:31:29.264535,Sales Manager,Research
Brandy Warburton,2021-01-27T16:53:26.321532,Network Engineer,IT
Jean Bates,2021-12-21T00:46:59.093684,Research Project Manager,Sales
Rick Geronimo,2021-10-16T09:16:22.493415,Logistics Coordinator,Sales
Amy Pritchett,2021-06-10T10:03:20.888285,HR Manager,IT
Andrew Kellem,2021-08-14T09:05:03.445836,Research Project Manager,HR
Armando Leto,2021-08-20T22:44:21.777325,Research Associate,Finance
Valerie Berenbaum,2021-10-25T09:15:34.047204,Data Analyst,HR
Dinorah Campbell,2021-09-03T08:11:48.028793,Operations Analyst,IT
Jenette Hard,2021-04-14T07:35:45.077928,Account Executive,Finance
Tanner Taylor,2021-05-15T02:59:58.821840,IT Support Specialist,IT
Anna Rodriguez,2021-10-08T03:29:03.379930,Brand Strategist,Legal
Francisco Paquette,2021-02-18T12:40:05.560613,Compliance Officer,Operations
Jami Butters,2021-02-07T00:28:29.177427,Help Desk Associate,Customer Service
Margaret Salas,2021-03-17T10:37:26.260263,IT Project Manager,Customer Service
Dwight Tauras,2021-09-12T11:13:57.516177,Sales Manager,Research
James Westfall,2021-12-29T18:06:13.925662,SEO Specialist,Sales
Jill Moore,2021-08-18T09:43:58.447458,Paralegal,HR
Christopher Smith,2021-03-06T02:11:02.655675,Social Media Manager,Operations
John Spencer,2021-05-13T17:34:07.656738,Systems Administrator,HR
Laura Womack,2021-05-17T20:51:59.467369,HR Analyst,Customer Service
Carol Moore,2021-06-23T08:43:43.737827,Brand Strategist,Marketing
Gayle Montgomery,2021-07-14T09:08:12.472112,Operations Analyst,Marketing
Ana Finnemore,2021-10-30T10:56:15.519644,Training and Development Manager,HR
Antonio Kirkland,2021-07-19T05:46:56.559901,Customer Service Manager,Finance
Cassie Council,2021-11-04T14:45:51.508719,Compliance Officer,Marketing
Gerald Allen,2021-09-02T22:56:03.018859,Help Desk Associate,Operations
William Strother,2021-01-06T23:39:30.932026,Production Manager,Finance
Janice Rainbolt,2021-01-08T11:00:06.530755,IT Manager,Marketing
Lisa Klase,2021-05-10T07:02:00.422652,IT Manager,Finance
Lewis Escalante,2021-02-21T15:57:36.601240,IT Project Manager,Research
Tracy Gregory,2021-05-16T10:13:12.800404,HR Analyst,Customer Service
Patricia Dickinson,2021-10-29T05:48:03.698456,Customer Service Manager,Research
Jodi Kim,2021-04-28T13:38:35.440561,Training and Development Manager,HR
Robert Salvemini,2021-12-29T13:47:58.877580,Compliance Officer,Legal
Holly Floyd,2021-07-14T16:57:18.735221,Legal Counsel,Operations
Veda Woods,2021-08-09T19:29:30.519969,Sales Manager,IT
Vickie Mcgregor,2021-06-30T10:14:50.660696,Finance Manager,Sales
Mark Mcvay,2021-12-13T13:38:51.736610,Paralegal,Finance
Rachel Madison,2021-05-17T14:27:22.151094,HR Analyst,Marketing
Wanda Purinton,2021-04-02T04:47:38.730540,HR Generalist,IT
Monroe Driver,2021-07-18T19:31:02.069416,Account Executive,HR
Lizzette York,2021-04-26T19:11:42.535270,Systems Administrator,Sales
Connie Danforth,2021-11-19T04:20:30.025736,Accountant,Marketing
Mary Wallach,2021-01-19T10:59:50.285122,Recruitment Specialist,Finance
Jane Reed,2021-11-01T08:23:15.816835,Training and Development Manager,Legal
George Goss,2021-06-09T17:28:37.876586,Accountant,Customer Service
Betty Gossett,2021-05-11T19:44:33.942287,Contract Administrator,Sales
Harold Kaune,2021-06-14T08:13:51.199759,Contract Administrator,Customer Service
Krista Williams,2021-12-19T14:40:41.960216,SEO Specialist,IT
Dana Johnson,2021-12-09T11:12:55.870705,Sales Representative,Legal
Charles Bohn,2021-02-21T06:46:59.629955,Quality Assurance Manager,Finance
Margaret Gendron,2021-05-10T02:48:05.367484,Auditor,Operations
Joanne Rivera,2021-11-14T07:26:49.560822,Customer Service Manager,Research
Marilyn Welsh,2021-07-13T13:35:57.721167,SEO Specialist,Customer Service
Michael Hill,2021-08-24T01:50:34.786895,Research Scientist,Marketing
Erika Haugen,2021-02-25T21:42:10.779199,Operations Analyst,Legal
William Thomas,2021-04-30T07:18:03.919652,Systems Administrator,HR
Ralph Lehrman,2021-10-26T13:09:27.684405,Sales Manager,Customer Service
Esther Overby,2021-06-27T11:08:13.651030,HR Manager,IT
Wayne Monroe,2021-06-24T01:29:04.862373,Auditor,Legal
Estella Bell,2021-12-07T19:00:49.773559,Call Center Supervisor,Research
Patricia Baoloy,2021-03-02T21:54:32.417906,Accountant,HR
Donald Tramel,2021-11-27T00:58:12.107779,Financial Analyst,IT
Dorene Barbe,2021-12-24T15:20:15.581092,Lab Technician,HR
David Golden,2021-11-11T07:33:48.192737,Customer Service Manager,Operations
June Vidal,2021-05-12T14:58:11.695758,Systems Administrator,Customer Service
Herminia Macdonald,2021-10-05T02:09:30.469721,Research Associate,Operations
Elizabeth Smith,2021-08-04T14:52:08.980487,Call Center Supervisor,Legal
Aaron Hernandez,2021-08-12T04:00:13.002145,Business Development Manager,HR
Lisa Robinson,2021-11-18T22:13:28.745469,Operations Manager,Finance
Cornelius Quinn,2021-09-23T17:15:49.235641,Marketing Manager,HR
Evelyn Pedersen,2021-11-23T18:41:32.666224,Accountant,Marketing
Ernest Wiseman,2021-05-28T16:56:12.975913,Sales Manager,Research
Ouida Andersen,2021-02-10T09:45:54.208359,Legal Counsel,Sales
John Forth,2021-02-26T17:58:44.714911,Operations Analyst,Research
Thomas Cropper,2021-02-18T21:28:45.280629,Logistics Coordinator,Customer Service
Karen Flores,2021-03-18T04:41:01.162035,Auditor,HR
Earl Pope,2021-01-26T08:32:13.049511,Social Media Manager,HR
Thomas Long,2021-08-15T04:07:19.912286,HR Generalist,Finance
Lupe Robleto,2021-04-23T13:25:23.945713,Financial Analyst,Research
Elizabeth Davenport,2021-12-29T17:33:54.085616,Financial Advisor,Finance
Leo Sunderland,2021-04-07T07:59:52.097910,Lab Technician,Marketing
Dustin Purcell,2021-05-03T21:25:24.823163,Compliance Officer,Finance
Jerry Meeter,2021-07-03T14:36:05.033713,Finance Manager,Legal
Stephen Hogan,2021-10-02T03:37:41.068272,Recruitment Specialist,Research
Ana Smith,2021-06-03T23:50:18.606174,Financial Analyst,HR
Christopher Munoz,2021-03-19T19:58:54.976449,Business Development Manager,Finance
Mary Anthony,2021-05-15T10:56:57.579351,Research Associate,Marketing
Leif Collier,2021-06-19T03:24:15.517692,Compliance Officer,Research
Christopher Rodriguez,2021-04-27T10:56:57.255404,Paralegal,Research
Kristopher Hooper,2021-07-21T13:11:19.544994,Brand Strategist,Finance
Melissa Maurin,2021-02-10T15:09:23.582035,Research Associate,IT
Terri Burrows,2021-10-18T09:26:30.280887,Logistics Coordinator,Customer Service
Charles Quinn,2021-03-18T12:32:20.310423,Research Associate,Operations
Lula Hunter,2021-02-09T02:45:47.204805,Compliance Officer,IT
Lauren Foust,2021-10-30T08:05:37.997357,Customer Service Representative,HR
Harvey Jones,2021-03-23T21:06:04.691664,HR Manager,Operations
Juanita Allison,2021-04-01T07:44:01.462063,Call Center Supervisor,Research
Peter Joseph,2021-11-12T09:32:35.814470,Research Project Manager,HR
Karen Zuber,2021-04-13T10:42:35.668992,HR Generalist,Operations
Roger Stjohn,2021-03-04T06:31:04.271488,Finance Manager,Marketing
Diane Sandmann,2021-10-25T03:41:52.808387,Recruitment Specialist,Marketing
Michael Porto,2021-05-18T22:07:01.046415,Systems Administrator,Legal
Nathan Lecompte,2021-05-14T13:14:08.790019,Client Relations Manager,IT
Thomas Radford,2021-12-30T12:38:54.609600,HR Analyst,Customer Service
Winfred Walker,2021-10-20T14:24:37.402286,Legal Counsel,Finance
Richard Damico,2021-03-12T05:36:31.053457,Help Desk Associate,Marketing
Joseph Thompson,2021-10-18T23:24:06.961916,Finance Manager,Operations
Dolly Shepherd,2021-03-07T22:35:01.391968,IT Manager,IT
Lillian Weisinger,2021-01-04T03:59:56.975133,IT Support Specialist,Customer Service
Ernest Swanson,2021-10-12T13:05:15.503106,Operations Manager,Operations
Karen Facundo,2021-01-01T07:14:42.260494,Production Manager,Sales
Linda Castillo,2021-07-28T13:27:56.854372,Training and Development Manager,Legal
Julie Bronk,2021-04-21T10:07:36.963183,Sales Analyst,Marketing
Madeline Shaw,2021-06-24T07:33:48.973845,Data Analyst,Operations
Barbara Colbert,2021-02-05T23:51:15.662660,Contract Administrator,Legal
Jesse Peters,2021-11-30T17:05:22.691429,Paralegal,Sales
Gene Johnson,2021-05-09T09:08:23.339346,Account Executive,Finance
Roderick Walker,2021-05-25T04:28:01.028470,Accountant,HR
Dennis Anderson,2021-10-31T15:30:56.263955,Brand Strategist,Legal
Gerald Hoppe,2021-04-01T14:32:29.562502,IT Project Manager,Legal
Evan Baylor,2021-08-12T19:34:54.374817,Research Associate,Legal
Matthew Lamm,2021-03-28T16:49:19.205572,Network Engineer,Legal
Ernest Smith,2021-05-30T10:30:10.482645,Sales Representative,Research
Donald Buell,2021-10-02T00:16:54.318917,IT Project Manager,Customer Service
Thomas Chalender,2021-11-24T00:28:20.295080,Customer Service Manager,Research
Mitsue Lawrence,2021-01-10T07:36:55.138941,Business Development Manager,Marketing
Sharon Arsenault,2021-10-05T04:25:28.077564,Help Desk Associate,Sales
Richard Coons,2021-06-17T02:21:12.086731,Financial Analyst,Legal
Byron Hooker,2021-01-13T07:02:23.484155,Customer Service Manager,Marketing
Shirley Whitehead,2021-08-13T15:20:10.180408,Research Project Manager,Legal
Christopher Pickens,2021-07-04T04:48:26.346719,Research Associate,Research
Emily Womer,2021-06-10T12:39:25.755095,Network Engineer,Research
Brittaney Ramirez,2021-04-08T19:08:07.976366,Auditor,Legal
Gina Mason,2021-06-19T01:37:00.096798,Auditor,Research
Frederick Tinkle,2021-11-03T03:05:14.720432,Business Development Manager,Finance
Armando Peterson,2021-08-05T14:24:54.382038,Research Associate,IT
Judith Hawley,2021-04-08T15:40:05.165164,IT Manager,Legal
Michael Martino,2021-05-01T00:29:09.427121,Network Engineer,Customer Service
Robert Miner,2021-11-07T00:43:11.117046,Paralegal,Sales
Traci Davis,2021-10-25T11:57:10.024881,Finance Manager,Sales
Ray Sanchez,2021-05-19T03:59:00.975114,Brand Strategist,HR
James Ward,2021-08-11T15:11:40.060858,Social Media Manager,HR
Sharon Goodrich,2021-03-02T08:30:26.059659,Auditor,Operations
Jennifer Faber,2021-09-19T00:29:53.759730,IT Project Manager,Customer Service
Luther Fruits,2021-01-03T04:06:32.713811,Content Marketing Specialist,Marketing
Thomas Sokolowich,2021-10-16T00:30:20.539262,IT Manager,Marketing
James Fish,2021-10-17T23:27:30.746275,Customer Service Manager,Sales
James Garcia,2021-05-24T13:48:37.599885,Research Associate,Customer Service
Catherine Wagner,2021-04-30T23:59:23.596895,Sales Representative,Research
Shirley Rayford,2021-07-01T07:05:20.542140,Auditor,Finance
Nichole Cruson,2021-04-23T23:15:11.120647,HR Generalist,Marketing
Shauna Smith,2021-05-22T22:02:06.966552,HR Analyst,Finance
Angela Jarrell,2021-08-25T04:19:38.867247,Accountant,Sales
Janice Hanley,2021-09-30T22:58:32.077129,Sales Manager,Sales
Robin Coleman,2021-08-07T03:06:29.288049,Operations Analyst,Operations
Clyde Davis,2021-07-29T22:15:40.649042,Compliance Officer,Operations
Walter Hodges,2021-09-29T23:50:55.373330,Lab Technician,Sales
Francisco Atwood,2021-02-11T02:57:03.933518,IT Manager,HR
Jimmy Schrecongost,2021-10-31T03:50:59.719975,Accountant,Sales
Kari Alfonso,2021-10-25T00:31:00.529404,IT Project Manager,IT
Mark Willier,2021-02-05T06:04:10.741127,Social Media Manager,Research
Kenny Swanson,2021-08-31T20:00:48.992109,Research Associate,Legal
Warren Young,2021-01-29T17:28:06.480973,Legal Counsel,Legal
Matthew Bussard,2021-04-04T07:41:35.045369,Auditor,IT
Christina Shields,2021-12-10T09:29:55.906733,Call Center Supervisor,IT
Jerrold Owens,2021-11-11T09:50:17.647405,Accountant,Customer Service
Gloria Stewart,2021-04-05T19:19:51.405117,Sales Analyst,Sales
Holly Leslie,2021-12-05T00:34:50.808447,Legal Secretary,Operations
Nancy Schmidt,2021-04-28T18:12:59.031623,HR Analyst,IT
Brain Downs,2021-12-24T04:28:09.351042,Operations Manager,Research
Sharon Medina,2021-10-03T00:06:01.351588,Research Associate,Marketing
Mary Plateroti,2021-10-15T20:02:30.264393,Accountant,Sales
Amy Struble,2021-08-26T20:03:04.526407,IT Manager,Finance
Jamie Talbot,2021-10-15T22:47:15.902207,Sales Analyst,IT
Elmer Jackson,2021-01-30T05:38:38.335978,Research Scientist,Finance
Violet Smith,2021-02-09T15:47:59.921594,Data Analyst,Research
Alberta Kessler,2021-07-21T20:17:46.518580,Accountant,HR
Marsha Lopez,2021-11-14T23:08:44.637219,IT Project Manager,IT
Elaine Breeden,2021-01-09T07:36:22.163988,Marketing Manager,Sales
Edward Cuevas,2021-08-26T07:54:38.918367,Production Manager,Marketing
Tony Koetter,2021-01-16T22:48:31.736012,Training and Development Manager,Customer Service
George Brimmer,2021-04-23T09:26:14.044421,SEO Specialist,Customer Service
Lillian Woods,2021-12-05T09:56:37.795472,Client Relations Manager,Research
Elizabeth Robinson,2021-08-03T22:59:58.876295,Training and Development Manager,Sales
Judy Coulter,2021-10-09T05:35:16.607633,Data Analyst,IT
William Perez,2021-10-11T13:26:36.699464,Accountant,Research
Keith Crampton,2021-01-05T16:25:45.356394,Business Development Manager,HR
Tina Chiarito,2021-12-17T04:36:51.786167,Brand Strategist,Legal
Norma Martin,2021-07-02T15:57:50.285525,Content Marketing Specialist,Legal
Clarence Murphy,2021-09-09T12:27:10.341673,Sales Analyst,Customer Service
Noel Williams,2021-05-04T01:11:09.392365,Sales Analyst,Customer Service
William Smith,2021-11-01T21:58:01.638073,Financial Advisor,HR
Brent Stokes,2021-02-05T11:09:47.367893,Account Executive,Finance
Vincent Acevedo,2021-09-14T21:47:03.369436,Recruitment Specialist,Sales
Bonita Ebert,2021-08-20T16:50:56.845012,HR Generalist,Marketing
Donna Becker,2021-03-15T09:21:40.236218,Call Center Supervisor,Marketing
Michael Richardson,2021-11-10T16:43:25.554765,Contract Administrator,Customer Service
Ricardo Perry,2021-03-19T16:10:57.063315,Training and Development Manager,Customer Service
Jose Roule,2021-11-01T01:46:32.202121,SEO Specialist,Marketing
Scott Gonzalez,2021-07-22T02:58:21.927833,Systems Administrator,Finance
James Champagne,2021-05-28T22:35:23.340517,Legal Counsel,Operations
Rebecca Baker,2021-05-22T01:11:24.942749,Research Scientist,IT
John Thomas,2021-06-12T06:06:51.087640,Business Development Manager,Legal
India Jinks,2021-04-12T19:03:49.891346,Compliance Officer,Customer Service
William Copland,2021-04-27T02:26:20.082505,Finance Manager,HR
Albert Dowden,2021-11-07T11:12:30.224586,Brand Strategist,Operations
Elouise Robinson,2021-04-23T16:15:10.473882,Compliance Officer,Legal
Jose Mcfall,2021-01-17T12:07:45.161729,Sales Representative,Customer Service
Vince Locklear,2021-08-11T11:23:57.694612,Data Analyst,Operations
Esteban Derringer,2021-02-03T11:11:59.466585,Systems Administrator,Customer Service
William Pugh,2021-01-21T23:39:52.310664,Sales Analyst,Legal
Richard Satterfield,2021-01-10T08:53:35.187630,Business Development Manager,Sales
Jose Odonnell,2021-06-25T09:05:25.911695,Compliance Officer,Sales
Linda King,2021-01-08T06:28:04.087719,Financial Advisor,Sales
Gretta Contreras,2021-07-26T11:40:17.836761,Client Relations Manager,Customer Service
Helen Taylor,2021-12-04T00:35:32.749963,Client Relations Manager,IT
Ezekiel Parker,2021-02-01T05:46:30.486924,Financial Advisor,Legal
Sally Christy,2021-04-19T12:51:58.812481,Logistics Coordinator,Customer Service
Myrtle Marinaccio,2021-09-09T01:20:59.380097,HR Generalist,Legal
Tony Ford,2021-05-01T08:05:40.479464,SEO Specialist,Research
Robert Kuechler,2021-02-19T23:28:11.063625,Compliance Officer,Operations
Verline Miller,2021-12-01T20:43:37.624491,Accountant,HR
Sara Hensler,2021-01-27T04:25:41.719785,SEO Specialist,Customer Service
Sierra Lesnick,2021-08-29T15:25:21.740834,Content Marketing Specialist,IT
Rhonda Bienkowski,2021-09-25T14:01:34.004180,Sales Representative,IT
Kenneth Davis,2021-06-14T17:49:23.828946,Accountant,Research
James Pagan,2021-03-16T10:33:26.287825,Financial Analyst,Sales
Audrey Hughes,2021-09-24T04:36:00.714230,Training and Development Manager,Legal
Jamie Myers,2021-09-08T18:19:18.254658,Paralegal,HR
Susie Grisham,2021-10-25T09:02:22.660497,HR Generalist,Finance
Gregory Odom,2021-11-11T15:48:46.103740,Customer Service Representative,Sales
Jason Finnerty,2021-09-22T10:37:55.714393,Operations Manager,Finance
Carl Viteri,2021-02-25T22:43:01.662663,Finance Manager,Customer Service
Don Mazza,2021-10-15T01:22:54.884821,Legal Counsel,Marketing
Lisa Scherr,2021-08-02T06:56:50.772127,Business Development Manager,Research
Oliver Mathews,2021-05-20T18:01:22.173232,Sales Representative,Sales
Lea Branch,2021-12-09T02:24:49.207783,Help Desk Associate,Marketing
Nicole Danner,2021-10-21T11:38:08.240983,Auditor,Finance
Billy Grant,2021-01-09T00:15:13.509412,Operations Manager,Marketing
Richard Herring,2021-06-26T22:25:57.489303,Recruitment Specialist,IT
Tammy Nicholson,2021-08-12T23:35:23.912205,Recruitment Specialist,Finance
George Jordan,2021-10-15T23:34:50.827869,Recruitment Specialist,Research
Karen Fox,2021-09-17T07:10:51.251251,Training and Development Manager,Customer Service
Janice Hoover,2021-11-12T12:26:12.020077,Account Executive,Research
Carey Watson,2021-02-05T10:02:42.704806,Account Executive,Legal
Fay Babb,2021-07-14T03:52:30.748577,Research Associate,Research
Virginia Hyland,2021-09-30T19:39:18.527160,HR Analyst,HR
Samuel Hiltner,2021-08-22T18:38:03.683560,Sales Representative,Marketing
Janie Ritchey,2021-02-13T04:12:30.786925,Customer Service Representative,Sales
Jack Mcmurry,2021-06-01T23:04:13.478879,Social Media Manager,Operations
Naomi Paz,2021-03-09T06:04:25.347431,Data Analyst,Legal
Nathan Fisher,2021-05-12T21:03:36.322011,Training and Development Manager,HR
John Haaby,2021-08-11T19:27:22.371373,IT Manager,Sales
Vernon Ralston,2021-09-26T04:08:32.154801,Financial Advisor,Operations
Barbara Shingler,2021-12-14T06:16:32.701787,Account Executive,Legal
Kimberly Hoffmann,2021-06-02T19:11:18.204482,HR Analyst,HR
John Horabik,2021-01-03T01:37:50.177960,Client Relations Manager,IT
Melissa Mcginnis,2021-02-28T00:53:35.567575,SEO Specialist,HR
Heather Manns,2021-01-11T06:33:38.498511,Operations Manager,Customer Service
Peggy Rodriguez,2021-01-31T19:29:09.957339,Operations Analyst,Marketing
Dale Stott,2021-11-28T10:57:36.137662,Data Analyst,Legal
Kelvin Weissman,2021-06-26T20:05:42.929286,Social Media Manager,IT
Cody Williams,2021-05-15T04:40:30.779935,Account Executive,Research
Natalia Baker,2021-01-13T18:21:05.118141,Paralegal,HR
Marsha Felter,2021-01-28T03:33:40.475994,Account Executive,Marketing
Daniel Schechter,2021-06-08T12:10:46.289993,Business Development Manager,Research
Meredith Price,2021-10-01T03:31:14.657268,SEO Specialist,IT
Maurice Peterson,2021-10-16T07:04:34.479842,Marketing Manager,HR
Madelyn Murphy,2021-08-18T09:18:53.187160,Social Media Manager,Operations
Regina Bucher,2021-01-06T09:54:11.205085,Compliance Officer,Legal
Gilberto Wasserman,2021-01-02T13:11:24.076101,Training and Development Manager,Research
Steven Benner,2021-12-14T10:16:08.582019,Research Scientist,IT
David Hamilton,2021-01-06T06:29:04.123285,Brand Strategist,Sales
April Kaplan,2021-10-22T05:47:24.543439,Research Scientist,Research
Beulah Hancock,2021-11-21T00:23:14.748633,Sales Representative,Marketing
Jason Martinez,2021-06-11T05:19:43.302892,Financial Analyst,Sales
Larry Ness,2021-10-06T12:08:35.029888,Lab Technician,Legal
Mary Shumpert,2021-11-22T19:08:17.345070,Paralegal,HR
Joshua Coates,2021-03-20T22:42:43.785607,Finance Manager,Research
Carla Gause,2021-03-01T08:16:33.334150,Research Scientist,Research
Adam Mynatt,2021-12-31T21:44:25.374736,Financial Analyst,Sales
Rickey Dykstra,2021-07-05T11:22:22.966868,Call Center Supervisor,Operations
Leona Scott,2021-06-05T13:27:48.485545,IT Support Specialist,HR
Carlton Proctor,2021-06-07T07:15:32.730302,Contract Administrator,Sales
Kimberly Turner,2021-01-09T08:57:13.892349,Finance Manager,HR
Antonio Portela,2021-07-05T04:27:24.201175,Data Analyst,Customer Service
Gregory Enge,2021-09-03T00:28:17.485556,Account Executive,IT
Rebecca Yohe,2021-06-15T23:55:58.822094,Research Project Manager,Finance
Warren Rousey,2021-08-21T03:08:40.846856,HR Manager,Operations
Minnie Omura,2021-06-20T11:53:11.936476,HR Manager,HR
George Stromain,2021-11-06T12:19:00.009767,Sales Manager,Finance
Clifford Ditman,2021-06-24T08:17:45.315741,HR Analyst,Finance
Kevin Howard,2021-06-29T11:58:07.410315,Sales Analyst,HR
Georgia Moore,2021-04-07T14:01:59.867080,Research Scientist,Customer Service
Ernestine Pavlas,2021-07-22T13:51:32.614873,Sales Manager,Research
Kay Piper,2021-08-24T23:20:39.145062,Operations Analyst,Operations
Mae Lund,2021-10-26T00:18:54.935751,Recruitment Specialist,Finance
Jody Miller,2021-07-16T17:55:01.745391,Training and Development Manager,Marketing
Jennifer Weber,2021-05-28T16:13:14.986546,Financial Analyst,HR
Ronald Vega,2021-03-06T15:04:03.472899,Research Associate,Marketing
Linda Bowman,2021-09-04T12:57:46.110549,Network Engineer,IT
Danny Komp,2021-05-04T19:44:27.765278,Help Desk Associate,Finance
Mary Sandoval,2021-08-31T13:05:33.634200,Operations Analyst,Sales
Elizabeth Billings,2021-03-27T06:08:43.155449,Logistics Coordinator,Finance
Linda York,2021-10-28T07:54:51.550778,Client Relations Manager,Finance
Patrick Garland,2021-12-21T02:27:28.691558,Call Center Supervisor,Customer Service
Rafael Bennington,2021-08-24T07:02:57.913177,Sales Representative,Sales
Lauren Wallace,2021-02-27T12:16:00.809483,Lab Technician,Legal
Toni Clark,2021-05-11T10:45:12.789031,HR Analyst,IT
Shirley Herman,2021-12-07T14:28:47.879683,Recruitment Specialist,IT
Linda Peachey,2021-08-01T09:10:06.505114,IT Project Manager,Sales
Sue Moorehead,2021-11-03T05:09:33.784643,Call Center Supervisor,IT
Carolyn Winokur,2021-08-30T06:53:51.113718,Production Manager,Operations
Deloris Mullin,2021-07-08T01:37:04.732800,Financial Advisor,Sales
Angela Alegria,2021-05-07T18:19:30.136960,SEO Specialist,Research
David Mcdonald,2021-06-30T17:10:24.871197,Business Development Manager,Sales
Catherine Richins,2021-12-07T23:38:34.839636,Auditor,IT
Candace Wilson,2021-11-28T23:15:01.938730,Brand Strategist,HR
Mary Garner,2021-07-03T11:09:37.970259,Paralegal,Operations
Paul Montiel,2021-10-05T11:03:24.792053,Legal Secretary,Marketing
Yolanda Cunningham,2021-06-09T22:23:13.126367,Operations Manager,Marketing
Charlotte Cantu,2021-01-16T06:50:55.281425,SEO Specialist,Finance
James Tuliau,2021-12-20T19:28:27.579731,Social Media Manager,Marketing
Maricela Spangler,2021-08-02T03:20:50.821528,Call Center Supervisor,Operations
Jonathan Tecuanhuey,2021-07-27T16:50:04.828486,HR Manager,Operations
Glenn Smalls,2021-10-03T14:49:29.795256,Accountant,Research
Alvaro Wiemer,2021-08-18T09:02:38.394642,Systems Administrator,Research
Helen Davis,2021-04-11T03:05:19.598961,Quality Assurance Manager,Legal
Jane Dostal,2021-11-08T11:29:12.360437,Content Marketing Specialist,Customer Service
Amanda Nicholas,2021-12-29T03:45:42.936545,Sales Analyst,Customer Service
Arthur Mccormick,2021-05-25T12:59:27.485090,Network Engineer,Legal
Erica Clinton,2021-04-07T03:03:32.286022,Compliance Officer,Marketing
Robert Brenner,2021-09-16T13:49:01.607208,Sales Representative,Finance
Luis Thomas,2021-12-23T08:06:50.069985,Auditor,Customer Service
Lauralee Choi,2021-06-13T10:19:27.673793,Contract Administrator,HR
Steven Durkee,2021-02-26T05:04:42.791911,Lab Technician,Research
John Bumgarner,2021-06-01T20:41:49.464840,Help Desk Associate,HR
Katherine Joyce,2021-05-08T14:25:16.450189,Research Project Manager,Legal
Ronald Cybulski,2021-04-24T14:48:54.703243,Paralegal,IT
Venita Christman,2021-08-16T07:52:48.147396,SEO Specialist,Marketing
Veronica Cook,2021-11-21T10:34:30.251409,Client Relations Manager,Research
Chelsea Garcia,2021-11-10T14:55:18.235063,Research Scientist,Legal
Darlene Herbert,2021-10-05T14:02:24.528449,Data Analyst,Legal
Sheilah Watford,2021-02-11T21:14:35.019235,HR Analyst,Sales
Andrew Hussey,2021-06-02T03:48:50.775747,HR Manager,Sales
Rosita Casey,2021-01-03T16:38:05.614837,Network Engineer,Operations
Arthur Paxman,2021-06-02T23:55:59.571408,Sales Representative,Sales
Peter Cheney,2021-02-24T03:15:57.965349,Sales Representative,Research
Matt Spring,2021-07-29T11:21:33.777649,Help Desk Associate,Sales
Peter Baugher,2021-04-29T21:14:39.678269,Accountant,Operations
Clemente Garcia,2021-08-05T12:41:56.869837,Auditor,Finance
Linda Hernandez,2021-08-16T02:28:40.999842,Research Scientist,Legal
Barbara Lovell,2021-04-28T20:50:06.947400,Legal Secretary,IT
Cynthia Chavarria,2021-10-26T04:36:33.966655,HR Generalist,Research
Gary Goucher,2021-04-28T12:53:18.343239,Compliance Officer,Operations
Thomas Price,2021-05-27T21:40:25.303283,Brand Strategist,Operations
Crystal Hubbert,2021-09-21T22:27:18.101336,Business Development Manager,Customer Service
Helen Santucci,2021-08-07T00:51:43.263905,Legal Secretary,IT
Amber Siler,2021-06-13T09:10:55.624228,Client Relations Manager,Sales
Christopher Kerwood,2021-06-30T02:39:57.284373,Recruitment Specialist,IT
Laura Bancroft,2021-04-08T15:12:20.013129,HR Analyst,Marketing
Michelle Jones,2021-02-17T06:30:07.622034,Lab Technician,Legal
Thomas Stephens,2021-05-01T09:39:33.870921,HR Generalist,Customer Service
Garret Wallin,2021-06-07T19:52:29.943230,Research Scientist,Operations
Shirley Benefiel,2021-06-29T06:35:04.518935,IT Project Manager,Customer Service
Kendrick Brown,2021-11-18T15:32:28.073833,Sales Representative,Legal
Mary Garcia,2021-09-06T16:30:59.382508,Quality Assurance Manager,Operations
Melody Derrigo,2021-09-19T07:07:42.373110,Research Scientist,Finance
Larry Shin,2021-05-14T21:08:26.638496,Sales Manager,Sales
Terry Holder,2021-02-20T05:55:07.416060,Systems Administrator,Sales
Darin Blair,2021-01-31T09:55:20.884495,IT Project Manager,IT
Jess Jones,2021-05-28T11:55:15.001157,Content Marketing Specialist,Legal
Rachel Paige,2021-12-01T01:27:59.634420,Compliance Officer,IT
Clarence Harvey,2021-09-02T01:06:46.500310,Training and Development Manager,Finance
Edward Walker,2021-10-03T04:07:06.881209,Social Media Manager,Customer Service
Evelyn Downey,2021-08-12T05:24:07.761318,Contract Administrator,Customer Service
Kevin Townsand,2021-11-15T01:39:39.872307,Research Project Manager,Customer Service
Booker Baker,2021-08-08T16:39:55.189790,Training and Development Manager,Research
Ada Bowman,2021-11-09T04:01:16.337073,Client Relations Manager,IT
Eleanor Burkitt,2021-01-05T21:37:21.040330,Production Manager,IT
Joann Chapman,2021-06-26T19:28:00.828757,Quality Assurance Manager,Customer Service
Pansy Green,2021-03-16T17:58:15.206084,Training and Development Manager,Legal
Dennis Threadgill,2021-04-20T05:19:32.809322,Research Scientist,Sales
Bernice Knudsvig,2021-09-10T02:43:59.958781,Sales Analyst,Research
Patrick Henke,2021-08-24T21:01:54.841231,Research Scientist,Finance
Kim Huckaby,2021-09-03T16:53:41.114778,Auditor,Customer Service
Vivian Bazile,2021-04-22T05:03:22.166014,Customer Service Manager,Operations
Patricia Polson,2021-07-27T14:15:25.298249,SEO Specialist,Finance
Rebecca Caudle,2021-11-03T11:38:54.309506,Financial Analyst,Operations
Nancy Beyer,2021-10-17T01:59:37.879026,Legal Counsel,Finance
Dawn Johnson,2021-02-15T08:33:26.362785,Quality Assurance Manager,Finance
April Marmerchant,2021-02-13T01:32:23.550502,HR Manager,Operations
Cindy Smith,2021-08-20T04:37:48.010638,Auditor,Research
Juan Schwandt,2021-04-07T22:44:36.821535,Paralegal,Sales
Anne Bruderer,2021-05-23T20:27:26.046629,Research Associate,Operations
Ruth Miller,2021-07-02T05:21:52.271697,Lab Technician,Finance
Rosette Stonebraker,2021-06-20T17:25:41.108328,Data Analyst,Marketing
Melissa Anderson,2021-03-24T17:16:40.220357,Finance Manager,Marketing
Mary Atkinson,2021-09-07T10:05:23.165472,HR Analyst,HR
Thomas Barmore,2021-03-13T13:47:31.657446,Sales Manager,HR
Anthony Muzquiz,2021-03-18T06:46:51.368276,HR Generalist,Marketing
Brian Bernier,2021-08-22T11:35:59.052053,Systems Administrator,IT
Robert Elias,2021-09-04T11:55:07.705265,IT Support Specialist,Customer Service
Dale Edler,2021-03-21T05:27:40.963965,IT Project Manager,Marketing
Cornelia Hansen,2021-03-26T10:05:53.581926,Quality Assurance Manager,HR
Kevin Hawley,2021-12-04T20:00:33.523426,Customer Service Representative,Marketing
Frank Dixon,2021-03-29T09:37:20.338276,Training and Development Manager,HR
Anthony Burr,2021-04-03T23:54:09.820674,Sales Analyst,Customer Service
Donna Peterson,2021-06-13T12:27:56.604368,Customer Service Representative,Finance
Cynthia Egge,2021-04-18T15:22:56.411070,Paralegal,Finance
Brian Pearson,2021-08-14T03:12:01.499015,Legal Secretary,Operations
Charity Greene,2021-09-09T02:52:01.778897,Financial Analyst,Finance
Angelic Lozoya,2021-07-14T01:39:00.961627,Sales Analyst,Customer Service
Charles Cutchall,2021-08-06T02:15:02.654175,SEO Specialist,Customer Service
Donna Allen,2021-01-24T01:08:53.991298,IT Project Manager,HR
Tom Balcom,2021-02-22T18:07:42.867351,Financial Advisor,Sales
Mathew Nixon,2021-10-21T11:19:40.934967,Lab Technician,Customer Service
Carol West,2021-05-21T14:43:42.330750,Account Executive,Operations
Melanie Thompson,2021-05-22T11:45:12.384490,Customer Service Manager,HR
Christopher Sparkman,2021-02-19T12:30:26.755452,Operations Manager,IT
Stephen Gross,2021-07-22T17:54:21.920708,Lab Technician,Operations
Emmett Mordino,2021-04-27T23:56:58.335382,Research Project Manager,Research
Laurie Camp,2021-08-15T23:53:28.149110,Financial Analyst,Sales
Andrew Johnson,2021-03-24T20:24:09.270062,Customer Service Manager,IT
Natalie Harms,2021-04-26T15:42:09.548503,Data Analyst,Marketing
Leon Sisneros,2021-07-04T14:30:19.977886,HR Manager,Marketing
Kathy Reilly,2021-11-21T00:17:47.647860,Marketing Manager,Research
Virginia Sarro,2021-04-06T09:20:24.993555,Network Engineer,Finance
Randall Sims,2021-01-14T23:07:32.170937,Paralegal,Legal
Wanda Durkee,2021-07-27T12:03:20.999626,Business Development Manager,Sales
Mark Irizarry,2021-04-11T20:44:20.936425,Finance Manager,IT
Francine Ulatowski,2021-10-16T20:23:52.762945,SEO Specialist,Customer Service
Michael Craig,2021-01-12T20:08:15.902052,Sales Representative,Marketing
Chelsey Hair,2021-07-31T03:36:08.024253,SEO Specialist,IT
Cynthia Freeman,2021-06-10T16:41:11.996297,Network Engineer,Research
Isaac Byrd,2021-12-28T04:04:40.096014,Accountant,Finance
Jose Oneal,2021-08-29T15:44:25.586529,Social Media Manager,HR
Robert Devos,2021-09-15T23:57:34.122609,Auditor,HR
Scott Ramseur,2021-09-20T05:47:10.313629,Auditor,Sales
Donald Wischmeyer,2021-01-20T11:05:10.906572,Lab Technician,Finance
Stephanie Heuer,2021-03-18T19:47:34.118912,Finance Manager,Operations
Lindsey Mcleod,2021-12-26T02:32:17.442246,Accountant,Operations
Elizabeth James,2021-02-01T05:55:48.554832,HR Generalist,IT
Harley Conner,2021-04-25T11:50:18.389008,Paralegal,HR
Joey Gonzales,2021-11-16T01:46:00.129339,Lab Technician,Customer Service
Roberta Duque,2021-05-17T10:00:51.537167,Operations Analyst,Operations
Brian Scott,2021-12-27T16:47:17.136711,IT Support Specialist,IT
Dianna Davis,2021-12-17T04:53:35.449658,Sales Representative,HR
David Daly,2021-01-01T23:19:28.161312,HR Generalist,Operations
Catherine Thrasher,2021-03-14T17:39:32.626347,Research Scientist,Customer Service
Michael Breault,2021-10-25T16:35:26.938877,Paralegal,HR
Winifred Fells,2021-06-13T12:22:56.344238,Lab Technician,Legal
Ramon Heywood,2021-12-07T06:23:15.822062,Brand Strategist,IT
Leonard Mcdaniel,2021-01-02T20:35:47.278975,Client Relations Manager,Research
Daniel Kelly,2021-01-14T00:51:57.989475,Systems Administrator,Customer Service
Ann Cousins,2021-11-30T08:09:32.268708,Network Engineer,HR
Mildred Rogerson,2021-07-07T11:45:18.038038,Sales Analyst,Research
Robert Beach,2021-09-19T16:22:24.546889,Legal Secretary,Customer Service
Ernest Mason,2021-05-08T12:27:49.844753,Sales Representative,Finance
Matthew Riley,2021-10-05T03:28:49.880365,HR Manager,HR
Lester Moses,2021-08-14T11:24:54.208993,Customer Service Manager,IT
Calandra Ward,2021-04-25T21:30:44.719681,Sales Representative,HR
Brian Cooper,2021-03-20T13:43:39.705574,Contract Administrator,Finance
Richard Lytch,2021-02-08T15:20:19.600593,Business Development Manager,Research
Amy Dominguez,2021-10-14T14:38:34.286171,Legal Counsel,Marketing
Thomas Johnson,2021-01-25T16:39:13.014526,Financial Analyst,HR
John Wrede,2021-06-20T02:19:17.631022,Auditor,Operations
Roman Boyd,2021-08-29T21:39:53.746650,Research Associate,Finance
Jacob Wetmore,2021-02-02T20:28:09.054356,Financial Advisor,Sales
Paul Bridges,2021-02-12T01:14:18.651518,Production Manager,Operations
Glen Phillis,2021-08-19T21:30:27.428988,HR Analyst,Operations
Winifred Lowman,2021-11-19T03:59:03.596448,Help Desk Associate,Legal
Josephine Delacruz,2021-08-25T04:36:35.245955,Production Manager,Sales
Cynthia Mayo,2021-05-31T11:38:00.784163,IT Manager,Operations
Brian Keller,2021-05-04T00:19:28.694747,Research Associate,Legal
William English,2021-12-03T07:58:23.356115,IT Project Manager,Legal
Linda Clay,2021-08-24T14:55:28.045610,Sales Representative,Marketing
Marcus Gray,2021-01-23T07:45:54.244153,Network Engineer,Sales
Zona Pope,2021-05-31T20:21:25.950038,Recruitment Specialist,Operations
Amber Lopez,2021-06-02T17:05:38.277690,Quality Assurance Manager,Legal
Bethany Caughlin,2021-07-05T14:20:53.638610,Sales Analyst,Customer Service
Marilyn Lee,2021-06-02T14:06:22.069663,Contract Administrator,Research
Martha Easley,2021-11-27T11:13:17.679095,Auditor,Customer Service
Arthur Cena,2021-05-19T05:45:35.387760,Quality Assurance Manager,Finance
Eden Doane,2021-02-03T15:39:53.120262,Customer Service Representative,Customer Service
Jacqueline Sheperd,2021-04-26T15:50:28.491590,Production Manager,HR
Valerie Johnson,2021-11-27T04:16:41.894170,Client Relations Manager,Customer Service
Henry Beaulieu,2021-06-21T00:05:39.641659,HR Analyst,Customer Service
Genesis Loock,2021-11-06T20:47:17.952674,Sales Analyst,IT
Louis Beckham,2021-10-19T12:42:45.219324,Lab Technician,Sales
James Witt,2021-05-24T17:32:43.412074,Customer Service Representative,Customer Service
Sara Snyder,2021-01-17T01:00:39.405429,Logistics Coordinator,Operations
Timothy Nahhas,2021-02-12T21:35:39.599035,IT Manager,Customer Service
Debra Bayless,2021-02-01T09:35:23.103360,Data Analyst,IT
Brandie Muzquiz,2021-04-21T21:17:22.386245,Research Project Manager,Customer Service
Lauren Breazeale,2021-04-24T16:48:24.419485,Compliance Officer,Research
Peggy Coombs,2021-09-29T12:18:13.577657,Brand Strategist,IT
Ola Barta,2021-04-07T06:01:47.322753,Production Manager,Customer Service
Gregory Truesdell,2021-01-28T22:51:45.010875,Lab Technician,Research
Charles Espinosa,2021-11-29T13:02:41.212582,Research Project Manager,Legal
Shane Sparks,2021-03-12T06:13:09.101279,Account Executive,Research
Riley Clark,2021-06-22T09:55:56.341523,Help Desk Associate,Sales
Tom Crosby,2021-08-08T12:02:23.018208,SEO Specialist,Research
James Woodford,2021-04-06T16:36:44.328542,Legal Counsel,Marketing
Adele Livezey,2021-03-26T17:15:49.264724,IT Project Manager,IT
Sharon Chung,2021-06-19T09:31:50.337669,Legal Secretary,HR
Jimmy Glomb,2021-04-07T20:47:02.461368,Brand Strategist,Legal
Jana Ross,2021-09-19T11:23:00.705549,Business Development Manager,IT
Matthew Borst,2021-02-04T02:35:10.156598,Paralegal,Finance
Mark Ratliff,2021-07-22T22:54:00.701878,Network Engineer,Finance
Edwin Brown,2021-11-29T00:08:48.636891,HR Analyst,IT
Carole Scott,2021-09-07T02:18:38.817289,Account Executive,Legal
Dean Wick,2021-03-25T02:09:12.493864,IT Project Manager,Marketing
Juanita Martin,2021-01-27T11:57:37.069778,IT Manager,HR
Willie Gomez,2021-08-13T14:39:00.181169,IT Manager,Legal
Glynis Crutchfield,2021-01-31T18:45:48.123164,Contract Administrator,Marketing
Jerry Surles,2021-10-01T19:30:59.301770,Accountant,Sales
Christopher Sines,2021-08-10T21:39:13.253479,Social Media Manager,Marketing
Mary Moses,2021-07-17T07:39:30.968676,Legal Secretary,Finance
Eva Brislin,2021-02-03T02:59:02.394214,Sales Representative,Legal
Walter Liles,2021-01-06T17:58:53.266980,Social Media Manager,Operations
Peter Peterson,2021-11-25T13:46:16.526507,Network Engineer,Operations
Teresa Atherton,2021-01-13T05:44:31.477375,Legal Secretary,Customer Service
Jillian Mcphee,2021-11-19T00:44:15.260648,Network Engineer,Customer Service
Jennifer Clement,2021-11-22T04:38:15.427149,Client Relations Manager,Sales
Mack Stevens,2021-10-31T14:50:16.225859,Accountant,Finance
Mariana Crimmins,2021-08-06T06:34:11.478451,Data Analyst,Legal
Eric Bradley,2021-10-16T06:34:23.045014,Brand Strategist,Operations
Richard Mills,2021-10-14T17:08:07.058889,Recruitment Specialist,Sales
Donald Howard,2021-12-04T09:29:39.291313,Paralegal,Marketing
Ronald Wolfe,2021-12-30T00:15:30.224899,Financial Advisor,Marketing
Jeremy Meade,2021-12-06T12:27:54.187125,Research Scientist,Marketing
Timothy Staggers,2021-04-19T21:05:33.591828,Finance Manager,Operations
Keith Michael,2021-11-14T20:13:22.317842,Help Desk Associate,Sales
Steven Mccready,2021-09-22T02:35:46.215745,Network Engineer,Operations
Jose Mcguire,2021-10-01T06:33:31.023253,Customer Service Representative,IT
Joan Hutcheson,2021-11-27T15:37:17.358033,Compliance Officer,IT
Cecelia Cates,2021-03-12T22:47:23.235337,HR Analyst,Research
Andrew Sanchez,2021-01-22T01:13:12.582413,Recruitment Specialist,Customer Service
Ashley Rhodes,2021-05-24T22:47:56.942617,Sales Manager,Operations
Darlene Wolfe,2021-11-28T01:35:53.267894,Data Analyst,Marketing
James Tassin,2021-01-18T03:24:00.579108,Finance Manager,Operations
Jeremy Rogers,2021-06-23T15:15:19.331612,Contract Administrator,HR
Harley Davis,2021-03-26T23:51:49.137603,Financial Analyst,Marketing
Frank Dismukes,2021-01-21T04:52:39.116874,Brand Strategist,Operations
Robert Brown,2021-12-28T18:13:36.865017,Content Marketing Specialist,Customer Service
Deanna Russell,2021-03-24T16:29:48.332924,Financial Analyst,Customer Service
John Forsmark,2021-03-10T07:40:19.154693,Call Center Supervisor,Marketing
James Richards,2021-07-27T11:25:47.276846,Financial Analyst,Sales
Scott Nguyen,2021-04-09T14:25:13.177751,Finance Manager,HR
Susan Deloach,2021-12-11T20:35:24.393133,Sales Representative,Finance
Carl Schaefer,2021-03-24T21:21:27.993824,SEO Specialist,Marketing
Edith Bell,2021-09-11T14:22:38.022554,Compliance Officer,Legal
Vito Adams,2021-06-25T11:12:53.598246,Customer Service Manager,HR
Ernesto Baldwin,2021-05-15T20:56:47.312024,Paralegal,Marketing
Sherry Schulz,2021-06-04T04:03:01.169005,Quality Assurance Manager,Customer Service
Kristen Tew,2021-01-21T01:05:32.109706,Network Engineer,Sales
Joshua Juul,2021-04-17T04:03:05.255521,Accountant,Customer Service
Jerilyn Stanton,2021-05-01T12:10:09.233853,Legal Secretary,IT
Mercedes Mckinney,2021-05-02T20:35:21.200653,Training and Development Manager,Sales
Patricia Lovely,2021-11-17T06:36:36.640606,Financial Analyst,Customer Service
Fernando Neville,2021-06-07T01:58:30.402816,Sales Representative,Finance
Jeffrey Galeano,2021-03-04T08:13:35.842906,Production Manager,Legal
Andrew White,2021-04-11T20:15:52.490840,Brand Strategist,Research
Lenora Cutrona,2021-06-19T13:01:29.270510,Financial Advisor,Operations
Jeffrey Flores,2021-02-20T19:07:44.252945,Production Manager,Finance
Edna Zeches,2021-08-07T20:32:59.531825,Help Desk Associate,Finance
Jennifer Weslowski,2021-11-10T11:20:19.288931,IT Manager,HR
Michael Williams,2021-12-26T23:23:40.413211,Account Executive,Finance
Daniel Garcia,2021-12-09T18:52:54.230401,IT Support Specialist,Marketing
Craig Griggs,2021-01-12T15:35:50.117063,Call Center Supervisor,Legal
Robert Mascagni,2021-04-01T00:54:07.357785,Contract Administrator,IT
Wm Hicks,2021-02-01T09:05:58.479006,SEO Specialist,IT
Joseph Rogers,2021-11-08T19:38:36.297966,Help Desk Associate,Legal
Shelia Tinkle,2021-03-29T20:35:34.937697,Network Engineer,Research
Nancy Foreman,2021-12-06T21:39:30.922249,HR Generalist,IT
Larry Coddington,2021-09-21T21:59:00.833304,Network Engineer,Customer Service
Loren Oros,2021-04-22T16:43:34.652363,Accountant,Sales
Carlos Cain,2021-02-13T10:08:35.183311,Accountant,Finance
Audrey Martin,2021-01-06T13:30:42.203190,HR Generalist,Sales
Colleen Russell,2021-05-03T21:20:44.780548,Call Center Supervisor,Marketing
Deborah Johnson,2021-01-04T04:12:58.319917,Research Associate,Customer Service
Jennifer Watters,2021-10-27T11:14:14.734811,Research Associate,Marketing
Jewell Noe,2021-05-10T14:59:54.480699,Systems Administrator,HR
Alicia Hackney,2021-05-22T23:58:21.813327,Systems Administrator,Customer Service
John Pruett,2021-11-06T05:20:38.111625,Brand Strategist,Research
Gabriel Carpenter,2021-05-23T12:04:24.801542,Recruitment Specialist,Customer Service
William Perry,2021-02-17T08:38:24.358767,HR Manager,Finance
Patricia Mendez,2021-11-19T15:23:07.950793,Finance Manager,Legal
Caridad Cathcart,2021-01-04T20:50:03.916556,Legal Secretary,Sales
Eric Tinson,2021-06-02T23:42:03.718496,Network Engineer,Legal
Florence Reid,2021-06-18T16:11:33.356905,Systems Administrator,Research
Armanda Millerbernd,2021-12-07T04:18:49.479527,IT Manager,Research
Charles Denmon,2021-05-31T18:03:23.172490,Social Media Manager,Operations
Erik Linton,2021-10-30T21:35:43.932916,IT Project Manager,Marketing
Louise Flohr,2021-08-14T18:30:42.363711,Brand Strategist,Research
Margaret Bostick,2021-07-06T00:29:10.228799,Compliance Officer,Operations
Andrea Alvarez,2021-07-26T17:25:12.012649,SEO Specialist,Sales
Martha Rock,2021-06-20T12:03:16.342209,Network Engineer,Research
Jeffrey Betts,2021-04-25T18:13:45.139597,Sales Analyst,IT
Eugene Armwood,2021-02-05T22:50:50.367327,IT Support Specialist,Finance
Cornell Pedersen,2021-08-01T02:22:35.626220,Quality Assurance Manager,Operations
Virginia Banks,2021-08-30T09:56:11.890024,HR Generalist,Finance
Andrew Soapes,2021-06-27T19:11:03.747980,Sales Analyst,HR
Wendy Hayes,2021-09-19T11:17:00.303358,Content Marketing Specialist,Finance
Sharon Ringwood,2021-06-17T16:22:18.661109,Recruitment Specialist,Sales
Lizabeth Johnson,2021-03-24T13:32:55.507126,Brand Strategist,Customer Service
Carrol Reed,2021-09-16T18:13:41.202706,Recruitment Specialist,Legal
Steven Dona,2021-04-24T20:28:41.304164,Client Relations Manager,Research
Hazel Milar,2021-11-23T19:27:02.968271,HR Generalist,Marketing
Jamie Matsuno,2021-12-15T07:51:01.621094,Legal Secretary,Customer Service
Madge Jones,2021-10-17T02:18:02.607422,Brand Strategist,Finance
Stanley Muldowney,2021-10-18T06:59:09.369678,Business Development Manager,Customer Service
Armando Garcia,2021-12-20T13:10:27.121294,Sales Manager,HR
Herbert Bates,2021-05-29T07:24:37.898838,Client Relations Manager,HR
Jennifer Bardin,2021-11-21T04:06:14.956234,Research Associate,Sales
Rodney Dickie,2021-06-05T17:54:24.909537,HR Generalist,Sales
Antwan Wright,2021-05-27T23:42:08.069240,Paralegal,Research
Lucila Stolte,2021-07-26T08:20:08.841727,HR Generalist,Finance
Adrienne Jarvis,2021-11-01T13:27:06.372662,Help Desk Associate,HR
Sofia Ramey,2021-06-30T13:33:28.370119,Operations Analyst,Research
Anne Conner,2021-08-04T17:44:29.391759,Lab Technician,Finance
Brenda Oliver,2021-10-24T01:51:43.916021,Paralegal,Finance
Courtney Woolverton,2021-03-06T11:57:00.536232,IT Project Manager,Sales
John Peters,2021-01-23T13:11:00.529350,Systems Administrator,Marketing
Andrew Stafford,2021-11-19T15:24:56.990966,Help Desk Associate,Research
Jesse Samuel,2021-10-13T17:10:44.962207,Social Media Manager,Customer Service
Brandy Poormon,2021-12-19T21:58:42.479194,Data Analyst,Marketing
Michele Martinez,2021-03-22T08:06:36.814935,Research Scientist,IT
James Black,2021-04-20T03:01:44.428938,Customer Service Representative,Legal
David Keller,2021-08-04T15:51:50.270200,Financial Advisor,Customer Service
Della Traylor,2021-07-14T20:28:46.871372,Recruitment Specialist,Research
Karen Killinger,2021-08-04T06:15:18.698760,Training and Development Manager,Research
Rachael Vine,2021-04-26T13:12:44.162833,Business Development Manager,Marketing
Jana Gosz,2021-03-24T14:15:21.241869,Research Project Manager,Customer Service
Terry Gould,2021-10-20T11:45:12.980139,Marketing Manager,Sales
Leonard Patterson,2021-11-04T18:30:26.548151,Customer Service Manager,Research
John Griffin,2021-10-03T01:45:51.916659,HR Analyst,Finance
Joseph Jones,2021-07-17T22:37:50.593966,IT Manager,Finance
Tinisha Brackman,2021-05-29T07:53:10.875161,Network Engineer,Finance
Brenda Krick,2021-03-24T04:33:49.776704,Content Marketing Specialist,Marketing
Felipe Shirk,2021-06-22T01:11:35.095293,IT Manager,Customer Service
Nathan Schoonover,2021-07-22T17:22:11.453134,Sales Analyst,Finance
Marilyn Yost,2021-10-04T00:03:57.886711,IT Project Manager,Operations
Glenn Cobar,2021-08-04T13:25:34.226610,Legal Secretary,IT
Darrell Howland,2021-10-26T03:18:19.447763,HR Analyst,IT
Henry Johnston,2021-04-04T14:14:09.244559,HR Generalist,IT
Clinton Turner,2021-07-11T07:14:22.110632,Financial Analyst,Customer Service
Joshua Corvera,2021-05-16T05:43:46.959074,Paralegal,Marketing
Ronald Marlin,2021-04-14T10:54:42.120284,Recruitment Specialist,HR
Joanne Force,2021-12-16T06:52:06.790624,Sales Representative,Finance
Christine Goldberg,2021-12-10T16:18:37.894978,IT Project Manager,Customer Service
Kathrine Iverson,2021-10-29T14:35:17.255349,Customer Service Representative,Finance
Bertha Felix,2021-12-17T03:28:37.187057,HR Generalist,Customer Service
Lisa Mathews,2021-08-22T07:49:46.977642,Auditor,HR
Tanya Winegarden,2021-01-11T07:42:42.198792,Data Analyst,Legal
Donald Borucki,2021-07-08T06:44:19.488321,Legal Counsel,HR
Leola Kmiotek,2021-11-29T03:33:20.965394,Sales Manager,IT
Barbara Kelley,2021-10-25T00:41:08.899172,Compliance Officer,Legal
Marcus Townsend,2021-04-27T07:10:40.547564,Accountant,Customer Service
Michael Pectol,2021-03-17T01:36:27.773393,Customer Service Representative,Legal
Mary Chiu,2021-11-11T15:16:43.637470,Customer Service Manager,Legal
Lola Weiss,2021-03-06T17:58:24.123968,Research Scientist,Finance
Julie Walsh,2021-02-03T05:10:42.480360,Lab Technician,Sales
Denny Dudley,2021-09-17T18:41:50.036976,Brand Strategist,Sales
James Schwartz,2021-07-02T01:55:47.575838,IT Support Specialist,IT
William Carter,2021-01-16T00:21:41.774541,Legal Counsel,Research
Caroline Youngblood,2021-07-19T19:42:54.620297,Recruitment Specialist,Operations
Ronald Johnson,2021-05-26T07:43:05.704318,IT Manager,Marketing
Lawrence Garrett,2021-10-20T02:21:26.000538,Social Media Manager,Marketing
William Mcbride,2021-10-27T14:02:00.337591,SEO Specialist,Customer Service
Trent Fitch,2021-04-26T10:33:58.999574,Sales Analyst,Operations
Sandra Sheppard,2021-04-08T16:30:11.106553,Sales Analyst,Legal
Carl Dowd,2021-06-08T16:23:33.644932,Customer Service Representative,Legal
Maureen Holland,2021-02-27T12:48:59.745715,SEO Specialist,Sales
Margaret Salvato,2021-02-17T21:32:41.046982,SEO Specialist,Legal
William Hier,2021-07-23T10:30:03.886707,Auditor,HR
Sarah Steele,2021-04-25T17:14:23.476886,HR Analyst,Legal
Gina Miller,2021-06-24T18:51:13.871703,Business Development Manager,HR
Trent Baxter,2021-04-27T22:07:33.484602,IT Project Manager,Operations
Tracy Korando,2021-03-18T16:47:09.830469,Call Center Supervisor,Marketing
Martha Johnson,2021-09-12T23:44:49.671351,SEO Specialist,Finance
Anthony Jacob,2021-04-08T21:41:44.617071,Logistics Coordinator,Research
Geneva Pergola,2021-04-25T13:51:53.140731,Research Associate,Customer Service
Brandon Newell,2021-03-18T11:35:13.825417,Legal Counsel,Operations
Michael Salada,2021-04-19T13:26:44.355586,Compliance Officer,Finance
Jason Raymond,2021-07-02T17:05:03.975462,Help Desk Associate,Marketing
Victoria Davis,2021-10-04T03:51:50.650727,Help Desk Associate,HR
Bridget Tatum,2021-09-23T20:11:22.995012,SEO Specialist,Finance
Elizabeth Dewolf,2021-09-27T03:15:53.305776,Marketing Manager,IT
Angelia Wimberly,2021-02-23T17:21:33.270157,Data Analyst,Operations
Johnnie Castillo,2021-01-03T16:37:59.458595,Systems Administrator,Sales
Scott Champine,2021-04-07T02:05:26.037513,Sales Analyst,Marketing
Ellen Jaffe,2021-01-17T19:50:20.329436,Financial Advisor,HR
Kraig Allmon,2021-02-03T08:32:16.522987,Sales Analyst,IT
Barry Leake,2021-08-22T12:59:58.758966,Research Associate,IT
Paul Howe,2021-03-05T07:41:14.951576,Sales Representative,Marketing
William Maldonado,2021-11-28T07:15:19.843475,Quality Assurance Manager,HR
Donald Causey,2021-02-05T17:35:30.651106,Account Executive,Research
Kimberly Spier,2021-03-17T16:15:49.343102,Research Project Manager,Operations
Edith Seiter,2021-12-19T23:23:33.650529,HR Analyst,Finance
Elton Moreno,2021-08-05T23:15:25.753652,Brand Strategist,Marketing
Carlos Meyers,2021-02-16T07:23:30.894448,Lab Technician,Legal
Dorothy Obrien,2021-03-15T11:22:53.889543,HR Analyst,Marketing
Steven Butler,2021-01-25T20:11:03.444293,HR Generalist,Marketing
Paige Holt,2021-05-26T02:00:10.663883,Compliance Officer,Finance
Keith Cook,2021-04-10T14:35:12.757740,Production Manager,Finance
Louis Mcilwraith,2021-09-11T19:43:25.007610,Legal Secretary,IT
Paul Capps,2021-11-04T04:06:48.302012,Research Scientist,Customer Service
Mildred Kiehl,2021-07-03T17:51:13.569188,Lab Technician,Finance
Michael Ratterree,2021-04-27T00:20:50.052321,Accountant,Legal
Tyrone Swanson,2021-12-17T19:24:01.885901,Marketing Manager,Legal
Lisa Kremer,2021-03-02T13:58:03.314599,Business Development Manager,Research
Gloria Hall,2021-04-03T15:38:13.102259,Sales Representative,Operations
Maggie Mcelroy,2021-08-24T04:21:24.564646,Quality Assurance Manager,Customer Service
John Klinger,2021-10-19T14:30:25.271784,Compliance Officer,Finance
Heidi Gittens,2021-07-14T20:59:59.194989,Legal Secretary,Customer Service
Jillian Milo,2021-01-02T02:38:26.385160,Marketing Manager,Operations
Domingo Tiner,2021-10-06T13:12:17.524710,HR Manager,IT
Mary Johnson,2021-06-16T04:06:47.921591,Production Manager,Marketing
Patricia Williams,2021-03-12T02:17:48.562183,Paralegal,Research
Brian Mabe,2021-11-09T03:25:41.268353,IT Project Manager,IT
Donna Martin,2021-07-27T03:59:48.945184,SEO Specialist,HR
Janet Anderson,2021-09-13T14:42:19.836299,Customer Service Manager,Marketing
Robert French,2021-09-24T00:40:49.041658,Financial Analyst,Customer Service
Faustino Bentley,2021-07-01T08:29:05.635598,Legal Counsel,IT
Pam King,2021-08-10T23:52:54.917356,Legal Counsel,Legal
Kristie Duncan,2021-03-31T06:36:08.938635,Lab Technician,IT
Salena Okuhara,2021-09-10T03:56:49.162932,Systems Administrator,Finance
Dennis Bowers,2021-11-02T05:56:31.362336,Sales Manager,Sales
Paula Smith,2021-06-11T17:53:34.469370,Production Manager,Sales
Tim Hernandez,2021-06-02T01:33:32.720702,Auditor,HR
Columbus Manners,2021-10-01T01:03:00.703400,Sales Analyst,Customer Service
Jeffrey Williams,2021-09-19T09:18:45.595002,IT Manager,Sales
Catherine Langley,2021-11-21T20:17:34.050230,IT Support Specialist,Customer Service
Logan Price,2021-10-24T14:46:36.529953,IT Manager,Research
Peter Taylor,2021-07-04T12:49:29.773908,Operations Manager,Operations
Jack Blaine,2021-09-26T10:56:51.836839,Sales Analyst,IT
Elaine Charles,2021-09-04T04:52:04.305581,Recruitment Specialist,Finance
Katie Smith,2021-05-23T16:12:15.902700,Contract Administrator,Sales
Shannon Patterson,2021-03-01T13:29:47.279020,Account Executive,Finance
Ronald Moreland,2021-05-10T06:52:44.235636,Brand Strategist,Sales
Virginia Edwards,2021-08-09T02:45:00.344820,Financial Analyst,Research
James Scudder,2021-07-08T09:03:54.129172,Sales Manager,Sales
Diana Songer,2021-01-28T08:19:45.775506,Finance Manager,Marketing
Kerri Palmieri,2021-02-13T03:59:58.447995,Finance Manager,Legal
Pamela Mancuso,2021-06-18T18:46:18.289911,Operations Manager,Finance
Ricky Kane,2021-08-03T18:49:51.553840,Compliance Officer,Finance
Cesar Bruss,2021-02-18T05:29:21.590063,Contract Administrator,Marketing
Eloise Mccoy,2021-10-14T22:37:31.259321,Operations Analyst,Customer Service
Joshua Engelhart,2021-07-17T20:24:51.167427,Research Scientist,Marketing
Timothy Pickerel,2021-03-25T22:20:05.709738,Content Marketing Specialist,IT
Violet Gonzales,2021-10-09T20:12:50.254673,Brand Strategist,Legal
Brian Hobby,2021-04-17T15:01:23.910044,SEO Specialist,Marketing
Alan Stanley,2021-12-16T16:04:32.085463,Research Project Manager,Marketing
Barbara Coburn,2021-04-23T18:37:27.461734,SEO Specialist,Customer Service
James Lowery,2021-12-18T19:26:54.435648,Customer Service Manager,IT
Arnold Reed,2021-06-12T14:23:24.628046,IT Support Specialist,HR
James Moore,2021-03-19T12:20:43.060158,Brand Strategist,Legal
Lois Lenz,2021-06-06T05:27:51.382042,HR Manager,HR
Mary Ramirez,2021-07-12T21:24:48.160236,Financial Advisor,Sales
Maria Stade,2021-04-24T10:43:56.469585,Systems Administrator,Sales
Carol Wells,2021-07-20T04:01:42.110435,Legal Secretary,IT
Anthony Grijalva,2021-08-08T04:05:46.268416,IT Project Manager,Finance
Eugene Doran,2021-04-15T00:40:55.975583,Operations Analyst,Sales
Michael Lilly,2021-04-27T15:29:29.000336,HR Analyst,Marketing
Andre Murphy,2021-04-02T08:32:25.779799,Social Media Manager,Customer Service
Charles Robinson,2021-03-16T09:45:36.664309,SEO Specialist,Research
James Wade,2021-05-28T18:48:14.389206,Research Scientist,Operations
Ryan Diggs,2021-06-11T21:32:31.439441,Quality Assurance Manager,Sales
Charles Gallegos,2021-03-24T12:06:05.655278,Operations Manager,HR
Nathan Harris,2021-04-10T23:20:25.496243,Logistics Coordinator,Customer Service
Jeremy Arthur,2021-07-29T01:35:08.723741,Customer Service Manager,Marketing
Dawn Delapena,2021-02-26T01:16:43.765951,Account Executive,Legal
Lakisha Johnson,2021-02-07T13:39:45.658985,Sales Manager,Sales
Edwardo Quagliano,2021-11-23T08:23:57.734950,Systems Administrator,Research
Shirley Price,2021-08-21T22:23:39.229091,Network Engineer,Sales
Larry Wiederwax,2021-11-07T21:15:48.175966,Quality Assurance Manager,Marketing
Scott Hamilton,2021-04-26T01:11:04.647212,Finance Manager,HR
Hortense Walton,2021-11-15T00:24:49.146178,Sales Manager,Research
Alice Williams,2021-01-14T00:00:42.974962,HR Manager,Finance
Dennis Fraley,2021-07-19T05:33:08.848268,Client Relations Manager,Operations
Linda Haynes,2021-01-28T23:16:45.145041,Sales Analyst,IT
Fred Harris,2021-02-24T02:26:02.420948,Research Associate,IT
Maxine Jackson,2021-09-07T15:44:32.617041,SEO Specialist,Sales
Dorothy Rains,2021-05-27T00:13:25.756303,HR Generalist,Legal
Sarah Raymond,2021-07-31T23:39:31.108864,Research Associate,Operations
Vicki Jones,2021-11-07T04:19:28.077936,Finance Manager,Customer Service
Margery Lavigne,2021-04-01T01:48:54.355297,Logistics Coordinator,Sales
Roger Johnson,2021-01-21T03:14:53.082040,Compliance Officer,Marketing
William Kline,2021-08-08T00:17:28.846730,Sales Manager,IT
Loretta Griffith,2021-02-14T01:04:26.671901,Production Manager,Finance
Corinna Reis,2021-10-10T08:15:10.566039,Social Media Manager,Legal
Preston Bryan,2021-04-24T20:14:20.574560,Business Development Manager,Marketing
Dale Thompson,2021-06-30T00:54:50.019189,Account Executive,Research
Jonathan Crouse,2021-10-25T02:16:39.525265,SEO Specialist,Sales
Priscilla Camarillo,2021-06-17T15:24:13.953781,IT Manager,Legal
Karen Haydu,2021-03-01T11:06:15.204817,Data Analyst,IT
Marla Alexander,2021-02-24T16:52:43.983032,Operations Manager,Finance
Sabrina Flynn,2021-04-02T10:57:58.332239,Social Media Manager,Operations
Lawrence Gilmore,2021-01-14T19:38:49.548720,Content Marketing Specialist,Customer Service
Gayle Chacon,2021-09-27T07:34:06.551507,Auditor,Customer Service
Joseph Hamilton,2021-07-14T11:34:38.433033,Customer Service Manager,Finance
Myrtle Lanasa,2021-12-12T03:01:11.153081,Sales Manager,IT
Luther Reeve,2021-06-27T21:31:06.957235,Auditor,Operations
Terrance Palmer,2021-09-23T23:46:39.921355,Call Center Supervisor,Legal
Fernando Caudill,2021-08-14T22:21:03.821242,Systems Administrator,Legal
Robert Mondragon,2021-04-21T18:52:27.077391,Research Scientist,Customer Service
Janice Baker,2021-05-01T23:06:11.185686,Brand Strategist,Finance
Marjorie Lynch,2021-01-28T12:12:57.823771,Training and Development Manager,HR
Carmela Leach,2021-07-30T08:34:30.595894,Business Development Manager,Customer Service
Henrietta Howell,2021-03-22T03:10:14.383149,Data Analyst,HR
Mary Krausmann,2021-02-16T04:58:07.696659,HR Manager,Sales
Caron Scott,2021-05-09T20:51:31.172256,HR Analyst,Research
Amy Wright,2021-06-02T07:38:57.512816,Production Manager,IT
Michael Williams,2021-11-05T01:41:33.205628,IT Support Specialist,IT
William Gil,2021-01-25T09:29:19.044864,Compliance Officer,IT
Douglas Nagel,2021-10-09T00:52:53.982072,Operations Analyst,Legal
Bonita Jenkins,2021-11-16T15:57:52.586939,Business Development Manager,Research
David Hogan,2021-11-29T08:16:15.658921,IT Project Manager,Operations
Mary Hess,2021-02-02T12:08:24.551298,Customer Service Manager,Customer Service
Billy Kiffer,2021-01-15T19:37:26.630236,Customer Service Representative,Sales
Vaughn Holmes,2021-01-02T08:44:42.561154,Research Associate,Finance
Brigitte Mclendon,2021-12-08T17:59:47.543896,Client Relations Manager,IT
Ruth Jackson,2021-02-22T13:50:28.934684,Compliance Officer,Research
Pamela Aguilar,2021-07-11T21:45:58.054993,Contract Administrator,Finance
Ryan Ebert,2021-12-05T02:19:43.244169,Business Development Manager,Operations
Debra Samuel,2021-05-31T17:10:40.979218,Lab Technician,Operations
Robert Sams,2021-06-06T03:19:15.560606,Research Scientist,Research
Susan Clarkson,2021-09-06T14:10:40.423590,Business Development Manager,IT
Robin Foster,2021-06-09T04:09:18.623511,Customer Service Representative,Legal
Marshall Chambers,2021-04-20T19:48:14.642030,HR Generalist,Sales
Stephen Hanline,2021-01-23T10:55:07.092401,HR Manager,Marketing
Jessica Jones,2021-10-12T20:51:56.671921,Operations Manager,Operations
Frances Guerra,2021-04-11T01:55:22.891852,Quality Assurance Manager,HR
Caroline Smith,2021-06-06T15:43:01.220809,Contract Administrator,Customer Service
Charles Tamura,2021-06-20T11:40:53.312305,Systems Administrator,Research
Junior Jackson,2021-08-20T00:24:30.846142,Accountant,Marketing
Tim Aldridge,2021-11-27T03:42:27.412653,Sales Manager,Marketing
Mary Montgomery,2021-05-01T07:54:31.124791,SEO Specialist,Operations
Mercedes Baggett,2021-09-17T08:29:57.298564,Recruitment Specialist,Customer Service
James Horton,2021-05-18T14:21:13.328834,Data Analyst,HR
Everett Baxter,2021-08-21T13:33:48.183850,HR Analyst,Marketing
William Perdue,2021-07-22T05:53:10.993162,Training and Development Manager,Finance
